feature,importance
unit_price,0.5078829301033426
quantity,0.4921170698966574
